epoch,time,train/box_loss,train/cls_loss,train/dfl_loss,metrics/precision(B),metrics/recall(B),metrics/mAP50(B),metrics/mAP50-95(B),val/box_loss,val/cls_loss,val/dfl_loss,lr/pg0,lr/pg1,lr/pg2
1,881.499,1.40914,3.14485,1.70378,0.57148,0.39425,0.29698,0.17085,1.34903,3.12774,1.66336,0.000470304,0.000470304,0.000470304
2,1613.89,1.42673,2.55084,1.67265,0.21351,0.37986,0.2083,0.10684,1.76919,3.38328,1.9671,0.00085292,0.00085292,0.00085292
